{
    "name": "root",
    "gauges": {
        "DuckBehavior.Policy.Entropy.mean": {
            "value": 1.4220465421676636,
            "min": 1.4205607175827026,
            "max": 1.4220465421676636,
            "count": 2
        },
        "DuckBehavior.Policy.Entropy.sum": {
            "value": 71500.5,
            "min": 71500.5,
            "max": 72619.0625,
            "count": 2
        },
        "DuckBehavior.Step.mean": {
            "value": 99938.0,
            "min": 49973.0,
            "max": 99938.0,
            "count": 2
        },
        "DuckBehavior.Step.sum": {
            "value": 99938.0,
            "min": 49973.0,
            "max": 99938.0,
            "count": 2
        },
        "DuckBehavior.Policy.ExtrinsicValueEstimate.mean": {
            "value": -0.5478269457817078,
            "min": -0.5478269457817078,
            "max": 0.23392139375209808,
            "count": 2
        },
        "DuckBehavior.Policy.ExtrinsicValueEstimate.sum": {
            "value": -541.8008422851562,
            "min": -541.8008422851562,
            "max": 245.14962768554688,
            "count": 2
        },
        "DuckBehavior.Environment.EpisodeLength.mean": {
            "value": 116.36692506459949,
            "min": 69.94057971014493,
            "max": 116.36692506459949,
            "count": 2
        },
        "DuckBehavior.Environment.EpisodeLength.sum": {
            "value": 45034.0,
            "min": 45034.0,
            "max": 48259.0,
            "count": 2
        },
        "DuckBehavior.Environment.CumulativeReward.mean": {
            "value": -0.9922480620155039,
            "min": -1.0840579710144929,
            "max": -0.9922480620155039,
            "count": 2
        },
        "DuckBehavior.Environment.CumulativeReward.sum": {
            "value": -384.0,
            "min": -748.0,
            "max": -384.0,
            "count": 2
        },
        "DuckBehavior.Policy.ExtrinsicReward.mean": {
            "value": -0.9922480620155039,
            "min": -1.0840579710144929,
            "max": -0.9922480620155039,
            "count": 2
        },
        "DuckBehavior.Policy.ExtrinsicReward.sum": {
            "value": -384.0,
            "min": -748.0,
            "max": -384.0,
            "count": 2
        },
        "DuckBehavior.Losses.PolicyLoss.mean": {
            "value": 0.02254438884789124,
            "min": 0.02254438884789124,
            "max": 0.02382106091245078,
            "count": 2
        },
        "DuckBehavior.Losses.PolicyLoss.sum": {
            "value": 0.1127219442394562,
            "min": 0.09528424364980312,
            "max": 0.1127219442394562,
            "count": 2
        },
        "DuckBehavior.Losses.ValueLoss.mean": {
            "value": 0.4689287393291791,
            "min": 0.4689287393291791,
            "max": 0.8940525506933531,
            "count": 2
        },
        "DuckBehavior.Losses.ValueLoss.sum": {
            "value": 2.3446436966458957,
            "min": 2.3446436966458957,
            "max": 3.5762102027734124,
            "count": 2
        },
        "DuckBehavior.Policy.LearningRate.mean": {
            "value": 0.0002566374144542,
            "min": 0.0002566374144542,
            "max": 0.00028447575517474995,
            "count": 2
        },
        "DuckBehavior.Policy.LearningRate.sum": {
            "value": 0.001283187072271,
            "min": 0.0011379030206989998,
            "max": 0.001283187072271,
            "count": 2
        },
        "DuckBehavior.Policy.Epsilon.mean": {
            "value": 0.1855458,
            "min": 0.1855458,
            "max": 0.19482525000000003,
            "count": 2
        },
        "DuckBehavior.Policy.Epsilon.sum": {
            "value": 0.927729,
            "min": 0.7793010000000001,
            "max": 0.927729,
            "count": 2
        },
        "DuckBehavior.Policy.Beta.mean": {
            "value": 0.004278735420000001,
            "min": 0.004278735420000001,
            "max": 0.004741779975,
            "count": 2
        },
        "DuckBehavior.Policy.Beta.sum": {
            "value": 0.0213936771,
            "min": 0.0189671199,
            "max": 0.0213936771,
            "count": 2
        },
        "DuckBehavior.IsTraining.mean": {
            "value": 1.0,
            "min": 1.0,
            "max": 1.0,
            "count": 2
        },
        "DuckBehavior.IsTraining.sum": {
            "value": 1.0,
            "min": 1.0,
            "max": 1.0,
            "count": 2
        }
    },
    "metadata": {
        "timer_format_version": "0.1.0",
        "start_time_seconds": "1715015124",
        "python_version": "3.9.13 (tags/v3.9.13:6de2ca5, May 17 2022, 16:36:42) [MSC v.1929 64 bit (AMD64)]",
        "command_line_arguments": "C:\\Games\\MLZombieDucks\\venv\\Scripts\\mlagents-learn --run-id=ZombieDuck7",
        "mlagents_version": "0.30.0",
        "mlagents_envs_version": "0.30.0",
        "communication_protocol_version": "1.5.0",
        "pytorch_version": "2.2.2+cpu",
        "numpy_version": "1.21.2",
        "end_time_seconds": "1715015306"
    },
    "total": 181.5232584,
    "count": 1,
    "self": 10.005768100000012,
    "children": {
        "run_training.setup": {
            "total": 0.030636099999999722,
            "count": 1,
            "self": 0.030636099999999722
        },
        "TrainerController.start_learning": {
            "total": 171.48685419999998,
            "count": 1,
            "self": 0.10647270000023923,
            "children": {
                "TrainerController._reset_env": {
                    "total": 9.5939237,
                    "count": 1,
                    "self": 9.5939237
                },
                "TrainerController.advance": {
                    "total": 161.61560309999973,
                    "count": 4071,
                    "self": 0.10483320000014373,
                    "children": {
                        "env_step": {
                            "total": 123.07724179999983,
                            "count": 4071,
                            "self": 115.90113839999951,
                            "children": {
                                "SubprocessEnvManager._take_step": {
                                    "total": 7.1091678999999015,
                                    "count": 4072,
                                    "self": 0.3259489000002507,
                                    "children": {
                                        "TorchPolicy.evaluate": {
                                            "total": 6.783218999999651,
                                            "count": 3718,
                                            "self": 6.783218999999651
                                        }
                                    }
                                },
                                "workers": {
                                    "total": 0.06693550000041171,
                                    "count": 4070,
                                    "self": 0.0,
                                    "children": {
                                        "worker_root": {
                                            "total": 153.89677400000028,
                                            "count": 4070,
                                            "is_parallel": true,
                                            "self": 56.73755690000053,
                                            "children": {
                                                "steps_from_proto": {
                                                    "total": 0.0014894999999999214,
                                                    "count": 2,
                                                    "is_parallel": true,
                                                    "self": 0.0006820999999987976,