{
    "name": "root",
    "metadata": {
        "timer_format_version": "0.1.0",
        "start_time_seconds": "1715014485",
        "python_version": "3.9.13 (tags/v3.9.13:6de2ca5, May 17 2022, 16:36:42) [MSC v.1929 64 bit (AMD64)]",
        "command_line_arguments": "C:\\Games\\MLZombieDucks\\venv\\Scripts\\mlagents-learn --run-id=ZombieDuck4",
        "mlagents_version": "0.30.0",
        "mlagents_envs_version": "0.30.0",
        "communication_protocol_version": "1.5.0",
        "pytorch_version": "2.2.2+cpu",
        "numpy_version": "1.21.2",
        "end_time_seconds": "1715014668"
    },
    "total": 183.07039749999998,
    "count": 1,
    "self": 0.009074799999979177,
    "children": {
        "run_training.setup": {
            "total": 0.05917729999999999,
            "count": 1,
            "self": 0.05917729999999999
        },
        "TrainerController.start_learning": {
            "total": 183.00214540000002,
            "count": 1,
            "self": 0.0320331000000067,
            "children": {
                "TrainerController._reset_env": {
                    "total": 13.2466593,
                    "count": 1,
                    "self": 13.2466593
                },
                "TrainerController.advance": {
                    "total": 169.43228240000002,
                    "count": 1401,
                    "self": 0.03028439999994248,
                    "children": {
                        "env_step": {
                            "total": 169.00597940000014,
                            "count": 1401,
                            "self": 166.65394929999994,
                            "children": {
                                "SubprocessEnvManager._take_step": {
                                    "total": 2.331558000000019,
                                    "count": 1402,
                                    "self": 0.08443729999992122,
                                    "children": {
                                        "TorchPolicy.evaluate": {
                                            "total": 2.2471207000000977,
                                            "count": 1338,
                                            "self": 2.2471207000000977
                                        }
                                    }
                                },
                                "workers": {
                                    "total": 0.020472100000191062,
                                    "count": 1400,
                                    "self": 0.0,
                                    "children": {
                                        "worker_root": {
                                            "total": 15.422864899999864,
                                            "count": 1400,
                                            "is_parallel": true,
                                            "self": 6.2325785999998935,
                                            "children": {
                                                "steps_from_proto": {
                                                    "total": 0.009099000000002633,
                                                    "count": 2,
                                                    "is_parallel": true,
                                                    "self": 0.003146700000005609,
                                                    "children": {
                                                        "_process_rank_one_or_two_observation": {
                                                            "total": 0.005952299999997024,
                                                            "count": 4,
                                                            "is_parallel": true,
                                                            "self": 0.005952299999997024
                                                        }
                                                    }
                                                },
                                                "UnityEnvironment.step": {
                                                    "total": 9.181187299999968,
                                                    "count": 1400,
                                                    "is_parallel": true,
                                                    "self": 0.13411400000008555,
                                                    "children": {
                                                        "UnityEnvironment._generate_step_input": {
                                                            "total": 0.1514958999999667,
                                                            "count": 1400,
                                                            "is_parallel": true,
                                                            "self": 0.1514958999999667
                                                        },
                                                        "communicator.exchange": {
                                                            "total": 8.46381479999988,
                                                            "count": 1400,
                                                            "is_parallel": true,
                                                            "self": 8.46381479999988
                                                        },
                                                        "steps_from_proto": {
                                                            "total": 0.4317626000000345,
                                                            "count": 1400,
                                                            "is_parallel": true,
                                                            "self": 0.2617214999999433,
                                                            "children": {
                                                                "_process_rank_one_or_two_observation": {
                                                                    "total": 0.1700411000000912,
                                                                    "count": 2800,
                                                                    "is_parallel": true,
                                                                    "self": 0.1700411000000912
                                                                }
                                                            }
                                                        }
                                                    }
                                                }
                                            }
                                        }
                                    }
                                }
                            }
                        },
                        "trainer_advance": {
                            "total": 0.39601859999993394,
                            "count": 1400,
                            "self": 0.0385461999997041,
                            "children": {
                                "process_trajectory": {
                                    "total": 0.35747240000022984,
                                    "count": 1400,
                                    "self": 0.35747240000022984
                                }
                            }
                        }
                    }
                },
                "TrainerController._save_models": {
                    "total": 0.29117059999998673,
                    "count": 1,
                    "self": 0.007349000000004935,
                    "children": {
                        "RLTrainer._checkpoint": {
                            "total": 0.2838215999999818,
                            "count": 1,